Point;Distance_m;Denivelee_m;Correction_mm;Altitude_Compensee_m;Precision_mm
RP001;285;0.284700;13.00;125.754404;1.62
RP002;320;-0.165300;14.60;125.603705;2.72
RP003;295;0.094700;13.46;125.711865;0.58
RP004;415;-0.274100;18.94;125.456700;0.84
