Troncon;Distance_m;Denivelee_m;Alt_Brute_m;Correction_mm;Alt_Compensee_m;Residu_mm
P001;250;-0.333000;125.456000;66.60;125.522600;-0.07
P002;300;0.333000;125.123000;79.92;125.269520;-0.58
P003;275;0.333000;125.456000;73.26;125.675780;0.22
P004;425;-0.666000;125.789000;113.22;126.122000;0.20
